obs_id,x
1,8.233074665739275
2,13.262097791052472
3,13.63156367787256
4,13.710719757318635
5,8.078146069268143
6,6.8870180778874
7,11.805139717050364
8,6.138696167778152
